<xml xmlns:s='uuid:BDC6E3F0-6DA3-11d1-A2A3-00AA00C14882'
	xmlns:dt='uuid:C2F41010-65B3-11d1-A29F-00AA00C14882'
	xmlns:rs='urn:schemas-microsoft-com:rowset'
	xmlns:z='#RowsetSchema'>
<s:Schema id='RowsetSchema'>
	<s:ElementType name='row' content='eltOnly'>
		<s:attribute type='Stope'/>
		<s:attribute type='ProdDt'/>
		<s:attribute type='Shift'/>
		<s:attribute type='Tonnes'/>
		<s:attribute type='Au'/>
		<s:extends type='rs:rowbase'/>
	</s:ElementType>
	<s:AttributeType name='Stope' rs:number='1' rs:maydefer='true'
		 rs:writeunknown='true'>
		<s:datatype dt:type='string' dt:maxLength='50'/>
	</s:AttributeType>
	<s:AttributeType name='ProdDt' rs:number='2' rs:maydefer='true' rs:writeunknown='true'>
		<s:datatype dt:type='dateTime' dt:maxLength='16' rs:fixedlength='true'/>
	</s:AttributeType>
	<s:AttributeType name='Shift' rs:number='3' rs:maydefer='true' rs:writeunknown='true'>
		<s:datatype dt:type='string' dt:maxLength='5'/>
	</s:AttributeType>
	<s:AttributeType name='Tonnes' rs:number='4' rs:nullable='true' rs:maydefer='true' rs:writeunknown='true'>
		<s:datatype dt:type='int' dt:maxLength='4' rs:precision='10' rs:fixedlength='true'/>
	</s:AttributeType>
	<s:AttributeType name='Au' rs:number='5' rs:nullable='true' rs:maydefer='true' rs:writeunknown='true'>
		<s:datatype dt:type='r4' dt:maxLength='4' rs:precision='7' rs:fixedlength='true'/>
	</s:AttributeType>
</s:Schema>
<rs:data>
	<z:row Stope='Polaris 4' ProdDt='1999-08-07T00:00:00' Shift='Night' Tonnes='203' Au='1.5'/>
	<z:row Stope='Waratah 1379-1396 Bench' ProdDt='1999-08-06T00:00:00' Shift='Night' Tonnes='72' Au='1.5'/>
	<z:row Stope='Clovelly 1447-1464 South Bench' ProdDt='1999-08-05T00:00:00' Shift='Day' Tonnes='30' Au='1.5'/>
	<z:row Stope='Huon South 1384-1400 Bench' ProdDt='1999-08-05T00:00:00' Shift='Day' Tonnes='264' Au='2.8'/>
	<z:row Stope='Waratah 1379-1396 Bench' ProdDt='1999-08-03T00:00:00' Shift='Night' Tonnes='115' Au='1.5'/>
	<z:row Stope='Romulus 1951 C&#x26;F' ProdDt='1999-08-02T00:00:00' Shift='Day' Tonnes='54' Au='1.2'/>
	<z:row Stope='Nth Flinders 1800-1820 Bench' ProdDt='1999-07-29T00:00:00' Shift='Night' Tonnes='54' Au='2'/>
</rs:data>
</xml>
